<?xml version="1.0" encoding="UTF-8"?>
<rss version="2.0" xmlns:ror="http://rorweb.com/0.1/" >
<channel>
  <title>ROR Sitemap for https://duyvt.ga/</title>
  <link>https://duyvt.ga/</link>

<item>
     <link>https://duyvt.ga/</link>
     <title>Võ Thế Duy</title>
     <description>Võ Thế Duy</description>
     <ror:updatePeriod></ror:updatePeriod>
     <ror:sortOrder>0</ror:sortOrder>
     <ror:resourceOf>sitemap</ror:resourceOf>
</item>
<item>
     <link>https://duyvt.ga/portfolio-details.html</link>
     <title>Portfolio Details - Personal Bootstrap Template</title>
     <description>Portfolio Details - Personal Bootstrap Template</description>
     <ror:updatePeriod></ror:updatePeriod>
     <ror:sortOrder>1</ror:sortOrder>
     <ror:resourceOf>sitemap</ror:resourceOf>
</item>
</channel>
</rss>
  